Log entry for Mon Oct 20 14:08:05 UTC 2025
Log entry for Mon Oct 20 20:52:49 UTC 2025
Log entry for Tue Oct 21 03:27:40 UTC 2025
Log entry for Wed Oct 22 03:31:54 UTC 2025
Log entry for Thu Oct 23 03:25:23 UTC 2025
Log entry for Fri Oct 24 03:21:58 UTC 2025
Log entry for Sat Oct 25 03:23:30 UTC 2025
Log entry for Sun Oct 26 03:29:22 UTC 2025
Log entry for Mon Oct 27 03:40:05 UTC 2025
Log entry for Tue Oct 28 03:29:29 UTC 2025
Log entry for Wed Oct 29 03:35:43 UTC 2025
Log entry for Thu Oct 30 03:31:26 UTC 2025
Log entry for Fri Oct 31 03:32:15 UTC 2025
Log entry for Sat Nov  1 03:31:03 UTC 2025
Log entry for Sun Nov  2 03:34:10 UTC 2025
Log entry for Mon Nov  3 03:38:25 UTC 2025
Log entry for Tue Nov  4 03:30:55 UTC 2025
Log entry for Wed Nov  5 03:31:56 UTC 2025
Log entry for Thu Nov  6 03:35:31 UTC 2025
